{"v":"5.6.6","fr":24,"ip":0,"op":257,"w":1125,"h":2436,"nm":"Comp 4 - darkmode","ddd":0,"assets":[{"id":"comp_0","layers":[{"ddd":0,"ind":1,"ty":4,"nm":"Shape Layer 7","sr":1,"ks":{"o":{"a":0,"k":100,"ix":11},"r":{"a":0,"k":0,"ix":10},"p":{"a":1,"k":[{"i":{"x":0.833,"y":0.833},"o":{"x":0.167,"y":0.167},"t":15,"s":[529.011,979.988,0],"to":[12.833,0,0],"ti":[-11.667,0,0]},{"i":{"x":0.833,"y":0.833},"o":{"x":0.167,"y":0.167},"t":21,"s":[606.011,979.988,0],"to":[11.667,0,0],"ti":[1.167,0,0]},{"t":25,"s":[599.011,979.988,0]}],"ix":2},"a":{"a":0,"k":[32.011,-294.512,0],"ix":1},"s":{"a":0,"k":[100,100,100],"ix":6}},"ao":0,"shapes":[{"ty":"gr","it":[{"d":1,"ty":"el","s":{"a":0,"k":[68.686,68.686],"ix":2},"p":{"a":0,"k":[0,0],"ix":3},"nm":"Ellipse Path 1","mn":"ADBE Vector Shape - Ellipse","hd":false},{"ty":"fl","c":{"a":0,"k":[1,1,1,1],"ix":4},"o":{"a":0,"k":100,"ix":5},"r":1,"bm":0,"nm":"Fill 1","mn":"ADBE Vector Graphic - Fill","hd":false},{"ty":"tr","p":{"a":0,"k":[32.011,-294.812],"ix":2},"a":{"a":0,"k":[0,0],"ix":1},"s":{"a":0,"k":[100,100],"ix":3},"r":{"a":0,"k":0,"ix":6},"o":{"a":0,"k":100,"ix":7},"sk":{"a":0,"k":0,"ix":4},"sa":{"a":0,"k":0,"ix":5},"nm":"Transform"}],"nm":"Ellipse 1","np":3,"cix":2,"bm":0,"ix":1,"mn":"ADBE Vector Group","hd":false}],"ip":0,"op":34,"st":6,"bm":0},{"ddd":0,"ind":2,"ty":4,"nm":"Shape Layer 6","sr":1,"ks":{"o":{"a":1,"k":[{"i":{"x":[0.667],"y":[1]},"o":{"x":[0.333],"y":[0]},"t":15,"s":[0]},{"t":21,"s":[100]}],"ix":11},"r":{"a":0,"k":0,"ix":10},"p":{"a":0,"k":[562.5,979.988,0],"ix":2},"a":{"a":0,"k":[-15.309,-200.512,0],"ix":1},"s":{"a":0,"k":[100,100,100],"ix":6}},"ao":0,"shapes":[{"ty":"gr","it":[{"ty":"rc","d":1,"s":{"a":0,"k":[145.383,74.977],"ix":2},"p":{"a":0,"k":[0,0],"ix":3},"r":{"a":0,"k":266,"ix":4},"nm":"Rectangle Path 1","mn":"ADBE Vector Shape - Rect","hd":false},{"ty":"fl","c":{"a":0,"k":[0,0,0,1],"ix":4},"o":{"a":0,"k":100,"ix":5},"r":1,"bm":0,"nm":"Fill 1","mn":"ADBE Vector Graphic - Fill","hd":false},{"ty":"tr","p":{"a":0,"k":[-15.809,-200.512],"ix":2},"a":{"a":0,"k":[0,0],"ix":1},"s":{"a":0,"k":[100,100],"ix":3},"r":{"a":0,"k":0,"ix":6},"o":{"a":0,"k":100,"ix":7},"sk":{"a":0,"k":0,"ix":4},"sa":{"a":0,"k":0,"ix":5},"nm":"Transform"}],"nm":"Rectangle 1","np":3,"cix":2,"bm":0,"ix":1,"mn":"ADBE Vector Group","hd":false}],"ip":0,"op":34,"st":8,"bm":0},{"ddd":0,"ind":3,"ty":4,"nm":"Shape Layer 5","sr":1,"ks":{"o":{"a":0,"k":100,"ix":11},"r":{"a":0,"k":0,"ix":10},"p":{"a":0,"k":[562.5,979.988,0],"ix":2},"a":{"a":0,"k":[-15.309,-200.512,0],"ix":1},"s":{"a":0,"k":[100,100,100],"ix":6}},"ao":0,"shapes":[{"ty":"gr","it":[{"ty":"rc","d":1,"s":{"a":0,"k":[145.383,74.977],"ix":2},"p":{"a":0,"k":[0,0],"ix":3},"r":{"a":0,"k":266,"ix":4},"nm":"Rectangle Path 1","mn":"ADBE Vector Shape - Rect","hd":false},{"ty":"fl","c":{"a":0,"k":[0.824908088235,0.824908088235,0.824908088235,1],"ix":4},"o":{"a":0,"k":100,"ix":5},"r":1,"bm":0,"nm":"Fill 1","mn":"ADBE Vector Graphic - Fill","hd":false},{"ty":"tr","p":{"a":0,"k":[-15.809,-200.512],"ix":2},"a":{"a":0,"k":[0,0],"ix":1},"s":{"a":0,"k":[100,100],"ix":3},"r":{"a":0,"k":0,"ix":6},"o":{"a":0,"k":100,"ix":7},"sk":{"a":0,"k":0,"ix":4},"sa":{"a":0,"k":0,"ix":5},"nm":"Transform"}],"nm":"Rectangle 1","np":3,"cix":2,"bm":0,"ix":1,"mn":"ADBE Vector Group","hd":false}],"ip":0,"op":34,"st":-1,"bm":0}]}],"fonts":{"list":[{"fName":"SFProDisplay-Medium","fFamily":"SF Pro Display","fStyle":"Medium","ascent":70.458984375},{"fName":"SFProDisplay-Bold","fFamily":"SF Pro Display","fStyle":"Bold","ascent":70.458984375}]},"layers":[{"ddd":0,"ind":3,"ty":5,"nm":"Welcome to a safer way to use your crypto.","sr":1,"ks":{"o":{"a":1,"k":[{"i":{"x":[0.667],"y":[1]},"o":{"x":[0.333],"y":[0]},"t":222,"s":[0]},{"t":233,"s":[100]}],"ix":11},"r":{"a":0,"k":0,"ix":10},"p":{"a":0,"k":[561.105,598,0],"ix":2},"a":{"a":0,"k":[0,0,0],"ix":1},"s":{"a":1,"k":[{"i":{"x":[0.667,0.667,0.667],"y":[1,1,1]},"o":{"x":[0.333,0.333,0.333],"y":[0,0,0]},"t":222,"s":[103,103,100]},{"t":233,"s":[100,100,100]}],"ix":6}},"ao":0,"t":{"d":{"k":[{"s":{"s":82,"f":"SFProDisplay-Medium","t":"Welcome to a safer way\rto use your crypto.","j":2,"tr":0,"lh":94.4000015258789,"ls":0,"fc":[0.969,0.98,0.988]},"t":0}]},"p":{},"m":{"g":1,"a":{"a":0,"k":[0,0],"ix":2}},"a":[]},"ip":222,"op":264,"st":221,"bm":0},{"ddd":0,"ind":9,"ty":5,"nm":"and more. 3","sr":1,"ks":{"o":{"a":0,"k":100,"ix":11},"r":{"a":0,"k":0,"ix":10},"p":{"a":0,"k":[561.382,899.488,0],"ix":2},"a":{"a":0,"k":[0.895,-24.512,0],"ix":1},"s":{"a":0,"k":[100,100,100],"ix":6}},"ao":0,"t":{"d":{"k":[{"s":{"s":82,"f":"SFProDisplay-Medium","t":"and more.","j":2,"tr":0,"lh":98.4,"ls":0,"fc":[0.969,0.98,0.988]},"t":0}]},"p":{},"m":{"g":1,"a":{"a":0,"k":[0,0],"ix":2}},"a":[]},"ip":201,"op":222,"st":189,"bm":0},{"ddd":0,"ind":10,"ty":5,"nm":"Invest 2","sr":1,"ks":{"o":{"a":0,"k":100,"ix":11},"r":{"a":0,"k":0,"ix":10},"p":{"a":0,"k":[560.628,924.488,0],"ix":2},"a":{"a":0,"k":[0,0,0],"ix":1},"s":{"a":0,"k":[100,100,100],"ix":6}},"ao":0,"t":{"d":{"k":[{"s":{"s":82,"f":"SFProDisplay-Bold","t":"Invest","j":2,"tr":0,"lh":98.4,"ls":0,"fc":[0.941,0.49,0.271]},"t":0}]},"p":{},"m":{"g":1,"a":{"a":0,"k":[0,0],"ix":2}},"a":[]},"ip":191,"op":201,"st":191,"bm":0},{"ddd":0,"ind":11,"ty":5,"nm":"Store 2","sr":1,"ks":{"o":{"a":0,"k":100,"ix":11},"r":{"a":0,"k":0,"ix":10},"p":{"a":0,"k":[561.528,924.488,0],"ix":2},"a":{"a":0,"k":[0,0,0],"ix":1},"s":{"a":0,"k":[100,100,100],"ix":6}},"ao":0,"t":{"d":{"k":[{"s":{"s":82,"f":"SFProDisplay-Bold","t":"Store","j":2,"tr":0,"lh":98.4,"ls":0,"fc":[0,0.502,1]},"t":0}]},"p":{},"m":{"g":1,"a":{"a":0,"k":[0,0],"ix":2}},"a":[]},"ip":181,"op":191,"st":178,"bm":0},{"ddd":0,"ind":12,"ty":5,"nm":"Send 2","sr":1,"ks":{"o":{"a":0,"k":100,"ix":11},"r":{"a":0,"k":0,"ix":10},"p":{"a":0,"k":[562.429,924.488,0],"ix":2},"a":{"a":0,"k":[0,0,0],"ix":1},"s":{"a":0,"k":[100,100,100],"ix":6}},"ao":0,"t":{"d":{"k":[{"s":{"s":82,"f":"SFProDisplay-Bold","t":"Send","j":2,"tr":0,"lh":98.4,"ls":0,"fc":[0.012,0.765,0.573]},"t":0}]},"p":{},"m":{"g":1,"a":{"a":0,"k":[0,0],"ix":2}},"a":[]},"ip":171,"op":181,"st":171,"bm":0},{"ddd":0,"ind":13,"ty":5,"nm":"Trade 2","sr":1,"ks":{"o":{"a":1,"k":[{"i":{"x":[0.667],"y":[1]},"o":{"x":[0.333],"y":[0]},"t":152,"s":[0]},{"t":160,"s":[100]}],"ix":11},"r":{"a":0,"k":0,"ix":10},"p":{"a":0,"k":[561.876,924.488,0],"ix":2},"a":{"a":0,"k":[0,0,0],"ix":1},"s":{"a":1,"k":[{"i":{"x":[0.667,0.667,0.667],"y":[1,1,1]},"o":{"x":[0.333,0.333,0.333],"y":[0,0,0]},"t":152,"s":[105,105,100]},{"t":160,"s":[100,100,100]}],"ix":6}},"ao":0,"t":{"d":{"k":[{"s":{"s":82,"f":"SFProDisplay-Bold","t":"Trade","j":2,"tr":0,"lh":98.4,"ls":0,"fc":[0.208,0.8,0.8]},"t":0}]},"p":{},"m":{"g":1,"a":{"a":0,"k":[0,0],"ix":2}},"a":[]},"ip":152,"op":171,"st":152,"bm":0},{"ddd":0,"ind":14,"ty":5,"nm":"This is privacy for any crypto activity.","sr":1,"ks":{"o":{"a":1,"k":[{"i":{"x":[0.667],"y":[1]},"o":{"x":[0.333],"y":[0]},"t":127,"s":[0]},{"t":138,"s":[100]}],"ix":11},"r":{"a":0,"k":0,"ix":10},"p":{"a":0,"k":[562,598,0],"ix":2},"a":{"a":0,"k":[0,0,0],"ix":1},"s":{"a":1,"k":[{"i":{"x":[0.667,0.667,0.667],"y":[1,1,1]},"o":{"x":[0.333,0.333,0.333],"y":[0,0,0]},"t":127,"s":[103,103,100]},{"t":138,"s":[100,100,100]}],"ix":6}},"ao":0,"t":{"d":{"k":[{"s":{"s":82,"f":"SFProDisplay-Medium","t":"This is privacy for\rany crypto activity.","j":2,"tr":0,"lh":94.4000015258789,"ls":0,"fc":[0.969,0.98,0.988]},"t":0}]},"p":{},"m":{"g":1,"a":{"a":0,"k":[0,0],"ix":2}},"a":[]},"ip":127,"op":222,"st":127,"bm":0},{"ddd":0,"ind":15,"ty":5,"nm":"and more.","sr":1,"ks":{"o":{"a":0,"k":100,"ix":11},"r":{"a":0,"k":0,"ix":10},"p":{"a":0,"k":[562,899.488,0],"ix":2},"a":{"a":0,"k":[0.895,-24.512,0],"ix":1},"s":{"a":0,"k":[100,100,100],"ix":6}},"ao":0,"t":{"d":{"k":[{"s":{"s":82,"f":"SFProDisplay-Medium","t":"and more.","j":2,"tr":0,"lh":98.4,"ls":0,"fc":[0.969,0.98,0.988]},"t":0}]},"p":{},"m":{"g":1,"a":{"a":0,"k":[0,0],"ix":2}},"a":[]},"ip":104,"op":127,"st":95,"bm":0},{"ddd":0,"ind":16,"ty":4,"nm":"Layer 6 Outlines","sr":1,"ks":{"o":{"a":0,"k":100,"ix":11},"r":{"a":0,"k":0,"ix":10},"p":{"a":0,"k":[566,900,0],"ix":2},"a":{"a":0,"k":[250,250,0],"ix":1},"s":{"a":0,"k":[43,43,100],"ix":6}},"ao":0,"shapes":[{"ty":"gr","it":[{"ind":0,"ty":"sh","ix":1,"ks":{"a":0,"k":{"i":[[0,0],[0,0],[0,0],[0,0],[0,0],[0,0],[0,0],[0,0],[0,0],[0,0],[0,0],[0,0]],"o":[[0,0],[0,0],[0,0],[0,0],[0,0],[0,0],[0,0],[0,0],[0,0],[0,0],[0,0],[0,0]],"v":[[28.677,-0.015],[28.689,-0.015],[0,-28.704],[-21.201,-7.502],[-21.203,-7.502],[-23.638,-5.065],[-28.662,-0.04],[-28.702,-0.001],[-28.662,0.04],[0,28.704],[28.689,0.015],[28.702,-0.001]],"c":true},"ix":2},"nm":"Path 1","mn":"ADBE Vector Shape - Group","hd":false},{"ty":"fl","c":{"a":0,"k":[0.952999997606,0.728999956916,0.184000007779,1],"ix":4},"o":{"a":0,"k":100,"ix":5},"r":1,"bm":0,"nm":"Fill 1","mn":"ADBE Vector Graphic - Fill","hd":false},{"ty":"tr","p":{"a":0,"k":[250.139,250.292],"ix":2},"a":{"a":0,"k":[0,0],"ix":1},"s":{"a":0,"k":[100,100],"ix":3},"r":{"a":0,"k":0,"ix":6},"o":{"a":0,"k":100,"ix":7},"sk":{"a":0,"k":0,"ix":4},"sa":{"a":0,"k":0,"ix":5},"nm":"Transform"}],"nm":"Group 1","np":2,"cix":2,"bm":0,"ix":1,"mn":"ADBE Vector Group","hd":false},{"ty":"gr","it":[{"ind":0,"ty":"sh","ix":1,"ks":{"a":0,"k":{"i":[[0,0],[0,0],[0,0],[0,0]],"o":[[0,0],[0,0],[0,0],[0,0]],"v":[[68.555,0.011],[96.829,-28.262],[125.1,0.01],[96.827,28.283]],"c":true},"ix":2},"nm":"Path 1","mn":"ADBE Vector Shape - Group","hd":false},{"ind":1,"ty":"sh","ix":2,"ks":{"a":0,"k":{"i":[[0,0],[0,0],[0,0],[0,0],[0,0],[0,0],[0,0],[0,0]],"o":[[0,0],[0,0],[0,0],[0,0],[0,0],[0,0],[0,0],[0,0]],"v":[[-48.591,19.964],[-0.003,68.551],[48.61,19.939],[76.898,48.197],[76.884,48.212],[-0.003,125.099],[-76.865,48.238],[-76.905,48.199]],"c":true},"ix":2},"nm":"Path 2","mn":"ADBE Vector Shape - Group","hd":false},{"ind":2,"ty":"sh","ix":3,"ks":{"a":0,"k":{"i":[[0,0],[0,0],[0,0],[0,0]],"o":[[0,0],[0,0],[0,0],[0,0]],"v":[[-125.1,-0.005],[-96.827,-28.277],[-68.555,-0.006],[-96.828,28.267]],"c":true},"ix":2},"nm":"Path 3","mn":"ADBE Vector Shape - Group","hd":false},{"ind":3,"ty":"sh","ix":4,"ks":{"a":0,"k":{"i":[[0,0],[0,0],[0,0],[0,0],[0,0],[0,0]],"o":[[0,0],[0,0],[0,0],[0,0],[0,0],[0,0]],"v":[[-48.591,-19.964],[-0.003,-68.552],[48.612,-19.939],[76.884,-48.211],[-0.003,-125.099],[-76.862,-48.237]],"c":true},"ix":2},"nm":"Path 4","mn":"ADBE Vector Shape - Group","hd":false},{"ty":"mm","mm":1,"nm":"Merge Paths 1","mn":"ADBE Vector Filter - Merge","hd":false},{"ty":"fl","c":{"a":0,"k":[0.952999997606,0.728999956916,0.184000007779,1],"ix":4},"o":{"a":0,"k":100,"ix":5},"r":1,"bm":0,"nm":"Fill 1","mn":"ADBE Vector Graphic - Fill","hd":false},{"ty":"tr","p":{"a":0,"k":[250.141,250.292],"ix":2},"a":{"a":0,"k":[0,0],"ix":1},"s":{"a":0,"k":[100,100],"ix":3},"r":{"a":0,"k":0,"ix":6},"o":{"a":0,"k":100,"ix":7},"sk":{"a":0,"k":0,"ix":4},"sa":{"a":0,"k":0,"ix":5},"nm":"Transform"}],"nm":"Group 2","np":6,"cix":2,"bm":0,"ix":2,"mn":"ADBE Vector Group","hd":false},{"ty":"gr","it":[{"ind":0,"ty":"sh","ix":1,"ks":{"a":0,"k":{"i":[[-130.781,0],[0,-130.781],[130.782,0],[0,130.782]],"o":[[130.782,0],[0,130.782],[-130.781,0],[0,-130.781]],"v":[[0,-236.801],[236.801,0],[0,236.801],[-236.801,0]],"c":true},"ix":2},"nm":"Path 1","mn":"ADBE Vector Shape - Group","hd":false},{"ty":"st","c":{"a":0,"k":[0.952999997606,0.728999956916,0.184000007779,1],"ix":3},"o":{"a":0,"k":100,"ix":4},"w":{"a":0,"k":15,"ix":5},"lc":1,"lj":1,"ml":10,"bm":0,"nm":"Stroke 1","mn":"ADBE Vector Graphic - Stroke","hd":false},{"ty":"tr","p":{"a":0,"k":[250.141,250.292],"ix":2},"a":{"a":0,"k":[0,0],"ix":1},"s":{"a":0,"k":[100,100],"ix":3},"r":{"a":0,"k":0,"ix":6},"o":{"a":0,"k":100,"ix":7},"sk":{"a":0,"k":0,"ix":4},"sa":{"a":0,"k":0,"ix":5},"nm":"Transform"}],"nm":"Group 3","np":2,"cix":2,"bm":0,"ix":3,"mn":"ADBE Vector Group","hd":false}],"ip":95,"op":104,"st":95,"bm":0},{"ddd":0,"ind":18,"ty":4,"nm":"Layer 2 Outlines","sr":1,"ks":{"o":{"a":0,"k":100,"ix":11},"r":{"a":0,"k":0,"ix":10},"p":{"a":0,"k":[566,900,0],"ix":2},"a":{"a":0,"k":[250,250,0],"ix":1},"s":{"a":0,"k":[43,43,100],"ix":6}},"ao":0,"shapes":[{"ty":"gr","it":[{"ind":0,"ty":"sh","ix":1,"ks":{"a":0,"k":{"i":[[0,0],[0,0],[0,0],[0,0],[0,0],[0,0],[0,0],[0,0],[0,-12.147],[-51.173,-2.362],[0,0],[0,0],[0,0],[0,12.137],[51.089,2.362]],"o":[[0,0],[0,0],[0,0],[0,0],[0,0],[0,0],[0,0],[-51.173,2.351],[0,12.147],[0,0],[0,0],[0,0],[51.057,-2.351],[0,-12.136],[0,0]],"v":[[22.854,-33.98],[22.854,-61.497],[85.824,-61.497],[85.824,-103.458],[-85.62,-103.458],[-85.62,-61.497],[-22.661,-61.497],[-22.661,-33.99],[-112.32,-9.355],[-22.661,15.279],[-22.661,103.458],[22.842,103.458],[22.842,15.247],[112.32,-9.367],[22.842,-33.99]],"c":true},"ix":2},"nm":"Path 1","mn":"ADBE Vector Shape - Group","hd":false},{"ind":1,"ty":"sh","ix":2,"ks":{"a":0,"k":{"i":[[0,0],[0,0],[14.71,0],[2.914,0.138],[0,9.424],[-45.218,2.021],[0,0],[-11.701,0],[-1.266,0.118],[0,0],[0,-9.403],[45.132,-2]],"o":[[0,0],[-1.276,0.095],[-11.701,0],[-45.218,-1.99],[0,-9.424],[0,0],[2.957,0.213],[14.041,0],[0,0],[45.122,2.01],[0,9.403],[0,0]],"v":[[22.854,7.77],[22.854,7.77],[0.271,8.26],[-22.651,7.77],[-101.618,-11.514],[-22.651,-30.82],[-22.651,-0.07],[0.473,0.643],[22.81,-0.06],[22.81,-30.799],[101.608,-11.514],[22.81,7.76]],"c":true},"ix":2},"nm":"Path 2","mn":"ADBE Vector Shape - Group","hd":false},{"ty":"mm","mm":1,"nm":"Merge Paths 1","mn":"ADBE Vector Filter - Merge","hd":false},{"ty":"fl","c":{"a":0,"k":[0.313999998803,0.685999971278,0.583999992819,1],"ix":4},"o":{"a":0,"k":100,"ix":5},"r":1,"bm":0,"nm":"Fill 1","mn":"ADBE Vector Graphic - Fill","hd":false},{"ty":"tr","p":{"a":0,"k":[250.141,251.292],"ix":2},"a":{"a":0,"k":[0,0],"ix":1},"s":{"a":0,"k":[100,100],"ix":3},"r":{"a":0,"k":0,"ix":6},"o":{"a":0,"k":100,"ix":7},"sk":{"a":0,"k":0,"ix":4},"sa":{"a":0,"k":0,"ix":5},"nm":"Transform"}],"nm":"Group 1","np":4,"cix":2,"bm":0,"ix":1,"mn":"ADBE Vector Group","hd":false},{"ty":"gr","it":[{"ind":0,"ty":"sh","ix":1,"ks":{"a":0,"k":{"i":[[-130.781,0],[0,-130.781],[130.782,0],[0,130.782]],"o":[[130.782,0],[0,130.782],[-130.781,0],[0,-130.781]],"v":[[0,-236.801],[236.801,0],[0,236.801],[-236.801,0]],"c":true},"ix":2},"nm":"Path 1","mn":"ADBE Vector Shape - Group","hd":false},{"ty":"st","c":{"a":0,"k":[0.313999998803,0.685999971278,0.583999992819,1],"ix":3},"o":{"a":0,"k":100,"ix":4},"w":{"a":0,"k":15,"ix":5},"lc":1,"lj":1,"ml":10,"bm":0,"nm":"Stroke 1","mn":"ADBE Vector Graphic - Stroke","hd":false},{"ty":"tr","p":{"a":0,"k":[250.141,250.292],"ix":2},"a":{"a":0,"k":[0,0],"ix":1},"s":{"a":0,"k":[100,100],"ix":3},"r":{"a":0,"k":0,"ix":6},"o":{"a":0,"k":100,"ix":7},"sk":{"a":0,"k":0,"ix":4},"sa":{"a":0,"k":0,"ix":5},"nm":"Transform"}],"nm":"Group 2","np":2,"cix":2,"bm":0,"ix":2,"mn":"ADBE Vector Group","hd":false}],"ip":86,"op":95,"st":86,"bm":0},{"ddd":0,"ind":20,"ty":4,"nm":"Layer 4 Outlines","sr":1,"ks":{"o":{"a":0,"k":100,"ix":11},"r":{"a":0,"k":0,"ix":10},"p":{"a":0,"k":[566,900,0],"ix":2},"a":{"a":0,"k":[250,250,0],"ix":1},"s":{"a":0,"k":[43,43,100],"ix":6}},"ao":0,"shapes":[{"ty":"gr","it":[{"ind":0,"ty":"sh","ix":1,"ks":{"a":0,"k":{"i":[[0,0],[0,0],[0,0]],"o":[[0,0],[0,0],[0,0]],"v":[[-41.345,-5.646],[41.346,43.233],[41.346,-43.232]],"c":true},"ix":2},"nm":"Path 1","mn":"ADBE Vector Shape - Group","hd":false},{"ty":"fl","c":{"a":0,"k":[0.866999966491,0.866999966491,0.866999966491,1],"ix":4},"o":{"a":0,"k":100,"ix":5},"r":1,"bm":0,"nm":"Fill 1","mn":"ADBE Vector Graphic - Fill","hd":false},{"ty":"tr","p":{"a":0,"k":[208.77,258.438],"ix":2},"a":{"a":0,"k":[0,0],"ix":1},"s":{"a":0,"k":[100,100],"ix":3},"r":{"a":0,"k":0,"ix":6},"o":{"a":0,"k":100,"ix":7},"sk":{"a":0,"k":0,"ix":4},"sa":{"a":0,"k":0,"ix":5},"nm":"Transform"}],"nm":"Group 1","np":2,"cix":2,"bm":0,"ix":1,"mn":"ADBE Vector Group","hd":false},{"ty":"gr","it":[{"ind":0,"ty":"sh","ix":1,"ks":{"a":0,"k":{"i":[[0,0],[0,0],[0,0]],"o":[[0,0],[0,0],[0,0]],"v":[[-41.346,43.232],[41.345,-5.646],[-41.346,-43.232]],"c":true},"ix":2},"nm":"Path 1","mn":"ADBE Vector Shape - Group","hd":false},{"ty":"fl","c":{"a":0,"k":[0.6,0.6,0.6,1],"ix":4},"o":{"a":0,"k":100,"ix":5},"r":1,"bm":0,"nm":"Fill 1","mn":"ADBE Vector Graphic - Fill","hd":false},{"ty":"tr","p":{"a":0,"k":[291.462,258.437],"ix":2},"a":{"a":0,"k":[0,0],"ix":1},"s":{"a":0,"k":[100,100],"ix":3},"r":{"a":0,"k":0,"ix":6},"o":{"a":0,"k":100,"ix":7},"sk":{"a":0,"k":0,"ix":4},"sa":{"a":0,"k":0,"ix":5},"nm":"Transform"}],"nm":"Group 2","np":2,"cix":2,"bm":0,"ix":2,"mn":"ADBE Vector Group","hd":false},{"ty":"gr","it":[{"ind":0,"ty":"sh","ix":1,"ks":{"a":0,"k":{"i":[[0,0],[0,0],[0,0]],"o":[[0,0],[0,0],[0,0]],"v":[[41.347,58.264],[41.347,-9.409],[-41.346,-58.264]],"c":true},"ix":2},"nm":"Path 1","mn":"ADBE Vector Shape - Group","hd":false},{"ty":"fl","c":{"a":0,"k":[0.936999990426,0.936999990426,0.936999990426,1],"ix":4},"o":{"a":0,"k":100,"ix":5},"r":1,"bm":0,"nm":"Fill 1","mn":"ADBE Vector Graphic - Fill","hd":false},{"ty":"tr","p":{"a":0,"k":[208.771,326.735],"ix":2},"a":{"a":0,"k":[0,0],"ix":1},"s":{"a":0,"k":[100,100],"ix":3},"r":{"a":0,"k":0,"ix":6},"o":{"a":0,"k":100,"ix":7},"sk":{"a":0,"k":0,"ix":4},"sa":{"a":0,"k":0,"ix":5},"nm":"Transform"}],"nm":"Group 3","np":2,"cix":2,"bm":0,"ix":3,"mn":"ADBE Vector Group","hd":false},{"ty":"gr","it":[{"ind":0,"ty":"sh","ix":1,"ks":{"a":0,"k":{"i":[[0,0],[0,0],[0,0],[0,0],[0,0]],"o":[[0,0],[0,0],[0,0],[0,0],[0,0]],"v":[[-40.862,-9.409],[-41.88,-8.168],[-41.88,55.291],[-40.862,58.264],[41.88,-58.264]],"c":true},"ix":2},"nm":"Path 1","mn":"ADBE Vector Shape - Group","hd":false},{"ty":"fl","c":{"a":0,"k":[0.717999985639,0.717999985639,0.717999985639,1],"ix":4},"o":{"a":0,"k":100,"ix":5},"r":1,"bm":0,"nm":"Fill 1","mn":"ADBE Vector Graphic - Fill","hd":false},{"ty":"tr","p":{"a":0,"k":[290.978,326.736],"ix":2},"a":{"a":0,"k":[0,0],"ix":1},"s":{"a":0,"k":[100,100],"ix":3},"r":{"a":0,"k":0,"ix":6},"o":{"a":0,"k":100,"ix":7},"sk":{"a":0,"k":0,"ix":4},"sa":{"a":0,"k":0,"ix":5},"nm":"Transform"}],"nm":"Group 4","np":2,"cix":2,"bm":0,"ix":4,"mn":"ADBE Vector Group","hd":false},{"ty":"gr","it":[{"ind":0,"ty":"sh","ix":1,"ks":{"a":0,"k":{"i":[[0,0],[0,0],[0,0],[0,0]],"o":[[0,0],[0,0],[0,0],[0,0]],"v":[[41.347,-93.044],[-41.346,44.163],[41.347,93.044],[41.347,6.578]],"c":true},"ix":2},"nm":"Path 1","mn":"ADBE Vector Shape - Group","hd":false},{"ty":"fl","c":{"a":0,"k":[0.936999990426,0.936999990426,0.936999990426,1],"ix":4},"o":{"a":0,"k":100,"ix":5},"r":1,"bm":0,"nm":"Fill 1","mn":"ADBE Vector Graphic - Fill","hd":false},{"ty":"tr","p":{"a":0,"k":[208.771,208.627],"ix":2},"a":{"a":0,"k":[0,0],"ix":1},"s":{"a":0,"k":[100,100],"ix":3},"r":{"a":0,"k":0,"ix":6},"o":{"a":0,"k":100,"ix":7},"sk":{"a":0,"k":0,"ix":4},"sa":{"a":0,"k":0,"ix":5},"nm":"Transform"}],"nm":"Group 5","np":2,"cix":2,"bm":0,"ix":5,"mn":"ADBE Vector Group","hd":false},{"ty":"gr","it":[{"ind":0,"ty":"sh","ix":1,"ks":{"a":0,"k":{"i":[[0,0],[0,0],[0,0],[0,0],[0,0]],"o":[[0,0],[0,0],[0,0],[0,0],[0,0]],"v":[[-40.443,-93.043],[-42.25,-86.904],[-42.25,91.24],[-40.443,93.043],[42.249,44.164]],"c":true},"ix":2},"nm":"Path 1","mn":"ADBE Vector Shape - Group","hd":false},{"ty":"fl","c":{"a":0,"k":[0.717999985639,0.717999985639,0.717999985639,1],"ix":4},"o":{"a":0,"k":100,"ix":5},"r":1,"bm":0,"nm":"Fill 1","mn":"ADBE Vector Graphic - Fill","hd":false},{"ty":"tr","p":{"a":0,"k":[290.56,208.626],"ix":2},"a":{"a":0,"k":[0,0],"ix":1},"s":{"a":0,"k":[100,100],"ix":3},"r":{"a":0,"k":0,"ix":6},"o":{"a":0,"k":100,"ix":7},"sk":{"a":0,"k":0,"ix":4},"sa":{"a":0,"k":0,"ix":5},"nm":"Transform"}],"nm":"Group 6","np":2,"cix":2,"bm":0,"ix":6,"mn":"ADBE Vector Group","hd":false},{"ty":"gr","it":[{"ind":0,"ty":"sh","ix":1,"ks":{"a":0,"k":{"i":[[-130.781,0],[0,-130.781],[130.782,0],[0,130.782]],"o":[[130.782,0],[0,130.782],[-130.781,0],[0,-130.781]],"v":[[0,-236.801],[236.801,0],[0,236.801],[-236.801,0]],"c":true},"ix":2},"nm":"Path 1","mn":"ADBE Vector Shape - Group","hd":false},{"ty":"st","c":{"a":0,"k":[0.969000004787,0.980000035903,0.987999949736,1],"ix":3},"o":{"a":0,"k":100,"ix":4},"w":{"a":0,"k":15,"ix":5},"lc":1,"lj":1,"ml":10,"bm":0,"nm":"Stroke 1","mn":"ADBE Vector Graphic - Stroke","hd":false},{"ty":"tr","p":{"a":0,"k":[250.141,250.292],"ix":2},"a":{"a":0,"k":[0,0],"ix":1},"s":{"a":0,"k":[100,100],"ix":3},"r":{"a":0,"k":0,"ix":6},"o":{"a":0,"k":100,"ix":7},"sk":{"a":0,"k":0,"ix":4},"sa":{"a":0,"k":0,"ix":5},"nm":"Transform"}],"nm":"Group 7","np":2,"cix":2,"bm":0,"ix":7,"mn":"ADBE Vector Group","hd":false}],"ip":76,"op":86,"st":76,"bm":0},{"ddd":0,"ind":22,"ty":4,"nm":"Layer 8 Outlines","sr":1,"ks":{"o":{"a":1,"k":[{"i":{"x":[0.667],"y":[1]},"o":{"x":[0.333],"y":[0]},"t":57,"s":[0]},{"t":65,"s":[100]}],"ix":11},"r":{"a":0,"k":0,"ix":10},"p":{"a":0,"k":[566,900,0],"ix":2},"a":{"a":0,"k":[250,250,0],"ix":1},"s":{"a":1,"k":[{"i":{"x":[0.667,0.667,0.667],"y":[1,1,1]},"o":{"x":[0.333,0.333,0.333],"y":[0,0,0]},"t":57,"s":[45,45,100]},{"t":65,"s":[43,43,100]}],"ix":6}},"ao":0,"shapes":[{"ty":"gr","it":[{"ind":0,"ty":"sh","ix":1,"ks":{"a":0,"k":{"i":[[6.607,-26.429],[12.774,3.083],[0,0]],"o":[[-6.167,25.548],[0,0],[12.775,3.084]],"v":[[51.758,-25.989],[-6.827,-16.739],[4.624,-61.669]],"c":true},"ix":2},"nm":"Path 1","mn":"ADBE Vector Shape - Group","hd":false},{"ind":1,"ty":"sh","ix":2,"ks":{"a":0,"k":{"i":[[7.488,-29.513],[15.418,3.524],[0,0]],"o":[[-7.048,28.192],[0,0],[15.417,3.524]],"v":[[44.71,47.132],[-24.889,56.383],[-12.554,6.607]],"c":true},"ix":2},"nm":"Path 2","mn":"ADBE Vector Shape - Group","hd":false},{"ind":2,"ty":"sh","ix":3,"ks":{"a":0,"k":{"i":[[-2.643,20.263],[28.631,9.69],[0,0],[0,0],[0,0],[6.167,1.321],[0,0],[0,0],[0,0],[4.845,1.321],[0,0],[0,0],[0.44,0],[0.441,-4.846],[0,0],[-0.881,-0.441],[0,0],[0,0],[6.608,1.762],[0,0],[0,0],[0,0],[-5.286,-1.322],[0,0],[0,0],[0,0],[-5.726,-1.762],[0,0],[0,0],[0,0],[-12.334,34.798],[20.263,10.572]],"o":[[3.965,-27.31],[0,0],[0,0],[0,0],[-5.726,-1.321],[0,0],[0,0],[0,0],[-4.845,-1.322],[0,0],[0,0],[0,0],[9.25,2.203],[0,0],[0.44,0],[0,0],[0,0],[-1.321,2.643],[0.441,0.441],[0,0],[0,0],[5.286,1.322],[0,0],[0,0],[0,0],[6.167,1.762],[0,0],[0,0],[0,0],[38.763,7.488],[9.69,-28.191],[14.537,-3.964]],"v":[[96.246,-25.549],[50.876,-77.526],[60.126,-114.527],[37.661,-120.254],[28.852,-84.134],[10.792,-88.538],[20.042,-125.099],[-2.423,-130.825],[-11.673,-93.824],[-26.21,-97.348],[-57.484,-105.277],[-63.65,-81.05],[-47.352,-77.086],[-36.781,-63.871],[-47.352,-21.584],[-45.15,-20.703],[-47.352,-21.144],[-62.329,38.323],[-72.901,43.608],[-89.199,39.644],[-100.211,65.633],[-70.699,73.121],[-54.4,77.086],[-63.65,114.527],[-41.186,120.254],[-31.936,83.252],[-13.876,88.098],[-23.126,125.099],[-0.66,130.825],[8.59,93.384],[88.318,62.99],[67.615,8.369]],"c":true},"ix":2},"nm":"Path 3","mn":"ADBE Vector Shape - Group","hd":false},{"ty":"mm","mm":1,"nm":"Merge Paths 1","mn":"ADBE Vector Filter - Merge","hd":false},{"ty":"fl","c":{"a":0,"k":[0.969000004787,0.57599995931,0.102000000898,1],"ix":4},"o":{"a":0,"k":100,"ix":5},"r":1,"bm":0,"nm":"Fill 1","mn":"ADBE Vector Graphic - Fill","hd":false},{"ty":"tr","p":{"a":0,"k":[251.88,250.292],"ix":2},"a":{"a":0,"k":[0,0],"ix":1},"s":{"a":0,"k":[100,100],"ix":3},"r":{"a":0,"k":0,"ix":6},"o":{"a":0,"k":100,"ix":7},"sk":{"a":0,"k":0,"ix":4},"sa":{"a":0,"k":0,"ix":5},"nm":"Transform"}],"nm":"Group 1","np":5,"cix":2,"bm":0,"ix":1,"mn":"ADBE Vector Group","hd":false},{"ty":"gr","it":[{"ind":0,"ty":"sh","ix":1,"ks":{"a":0,"k":{"i":[[-130.781,0],[0,-130.781],[130.782,0],[0,130.782]],"o":[[130.782,0],[0,130.782],[-130.781,0],[0,-130.781]],"v":[[0,-236.801],[236.801,0],[0,236.801],[-236.801,0]],"c":true},"ix":2},"nm":"Path 1","mn":"ADBE Vector Shape - Group","hd":false},{"ty":"st","c":{"a":0,"k":[0.969000004787,0.57599995931,0.102000000898,1],"ix":3},"o":{"a":0,"k":100,"ix":4},"w":{"a":0,"k":15,"ix":5},"lc":1,"lj":1,"ml":10,"bm":0,"nm":"Stroke 1","mn":"ADBE Vector Graphic - Stroke","hd":false},{"ty":"tr","p":{"a":0,"k":[250.141,250.292],"ix":2},"a":{"a":0,"k":[0,0],"ix":1},"s":{"a":0,"k":[100,100],"ix":3},"r":{"a":0,"k":0,"ix":6},"o":{"a":0,"k":100,"ix":7},"sk":{"a":0,"k":0,"ix":4},"sa":{"a":0,"k":0,"ix":5},"nm":"Transform"}],"nm":"Group 2","np":2,"cix":2,"bm":0,"ix":2,"mn":"ADBE Vector Group","hd":false}],"ip":57,"op":76,"st":57,"bm":0},{"ddd":0,"ind":24,"ty":5,"nm":"This is privacy for any cryptocurrency. 2","sr":1,"ks":{"o":{"a":1,"k":[{"i":{"x":[0.667],"y":[1]},"o":{"x":[0.333],"y":[0]},"t":31,"s":[0]},{"t":42,"s":[100]}],"ix":11},"r":{"a":0,"k":0,"ix":10},"p":{"a":0,"k":[561.105,598,0],"ix":2},"a":{"a":0,"k":[0,0,0],"ix":1},"s":{"a":1,"k":[{"i":{"x":[0.667,0.667,0.667],"y":[1,1,1]},"o":{"x":[0.333,0.333,0.333],"y":[0,0,0]},"t":31,"s":[103,103,100]},{"t":42,"s":[100,100,100]}],"ix":6}},"ao":0,"t":{"d":{"k":[{"s":{"s":82,"f":"SFProDisplay-Medium","t":"This is privacy for\rany cryptocurrency.","j":2,"tr":0,"lh":94.4000015258789,"ls":0,"fc":[0.969,0.98,0.988]},"t":0}]},"p":{},"m":{"g":1,"a":{"a":0,"k":[0,0],"ix":2}},"a":[]},"ip":31,"op":127,"st":31,"bm":0},{"ddd":0,"ind":25,"ty":0,"nm":"button","refId":"comp_0","sr":1,"ks":{"o":{"a":1,"k":[{"i":{"x":[0.667],"y":[1]},"o":{"x":[0.333],"y":[0]},"t":25,"s":[100]},{"t":29,"s":[0]}],"ix":11},"r":{"a":0,"k":0,"ix":10},"p":{"a":0,"k":[562,1150,0],"ix":2},"a":{"a":0,"k":[562.5,1218,0],"ix":1},"s":{"a":0,"k":[111,111,100],"ix":6}},"ao":0,"w":1125,"h":2436,"ip":0,"op":34,"st":0,"bm":0},{"ddd":0,"ind":29,"ty":5,"nm":"Incognito mode for your crypto 2","sr":1,"ks":{"o":{"a":0,"k":100,"ix":11},"r":{"a":0,"k":0,"ix":10},"p":{"a":0,"k":[560.629,598,0],"ix":2},"a":{"a":0,"k":[0,0,0],"ix":1},"s":{"a":0,"k":[100,100,100],"ix":6}},"ao":0,"t":{"d":{"k":[{"s":{"s":82,"f":"SFProDisplay-Medium","t":"Incognito mode\rfor your crypto","j":2,"tr":0,"lh":94.4000015258789,"ls":0,"fc":[0,0,0]},"t":0}]},"p":{},"m":{"g":1,"a":{"a":0,"k":[0,0],"ix":2}},"a":[]},"ip":0,"op":34,"st":-1,"bm":0},{"ddd":0,"ind":30,"ty":1,"nm":"Black Solid 1","sr":1,"ks":{"o":{"a":1,"k":[{"i":{"x":[0.667],"y":[1]},"o":{"x":[0.333],"y":[0]},"t":26,"s":[0]},{"t":33,"s":[100]}],"ix":11},"r":{"a":0,"k":0,"ix":10},"p":{"a":0,"k":[562.5,1218,0],"ix":2},"a":{"a":0,"k":[562.5,1218,0],"ix":1},"s":{"a":0,"k":[144.089,115.764,100],"ix":6}},"ao":0,"sw":1125,"sh":2436,"sc":"#000000","ip":26,"op":264,"st":27,"bm":0},{"ddd":0,"ind":31,"ty":1,"nm":"White Solid 1","sr":1,"ks":{"o":{"a":0,"k":100,"ix":11},"r":{"a":0,"k":0,"ix":10},"p":{"a":0,"k":[562.5,1218,0],"ix":2},"a":{"a":0,"k":[562.5,1218,0],"ix":1},"s":{"a":0,"k":[100,100,100],"ix":6}},"ao":0,"sw":1125,"sh":2436,"sc":"#ffffff","ip":0,"op":264,"st":-7,"bm":0}],"markers":[],"chars":[{"ch":"I","size":82,"style":"Medium","w":23.93,"data":{"shapes":[{"ty":"gr","it":[{"ind":0,"ty":"sh","ix":1,"ks":{"a":0,"k":{"i":[[0,0],[0,0],[0,0],[0,0]],"o":[[0,0],[0,0],[0,0],[0,0]],"v":[[17.432,0],[17.432,-70.459],[6.494,-70.459],[6.494,0]],"c":true},"ix":2},"nm":"I","mn":"ADBE Vector Shape - Group","hd":false}],"nm":"I","np":3,"cix":2,"bm":0,"ix":1,"mn":"ADBE Vector Group","hd":false}]},"fFamily":"SF Pro Display"},{"ch":"n","size":82,"style":"Medium","w":54.44,"data":{"shapes":[{"ty":"gr","it":[{"ind":0,"ty":"sh","ix":1,"ks":{"a":0,"k":{"i":[[0,0],[0,0],[0,0],[-7.422,0],[0,-7.715],[0,0],[0,0],[0,0],[11.328,0],[2.783,-5.859],[0,0],[0,0],[0,0]],"o":[[0,0],[0,0],[0,-7.959],[7.324,0],[0,0],[0,0],[0,0],[0,-11.768],[-7.91,0],[0,0],[0,0],[0,0],[0,0]],"v":[[5.225,0],[15.771,0],[15.771,-29.932],[27.979,-43.164],[38.916,-31.201],[38.916,0],[49.512,0],[49.512,-33.252],[31.689,-52.246],[15.527,-42.773],[15.283,-42.773],[15.283,-51.367],[5.225,-51.367]],"c":true},"ix":2},"nm":"n","mn":"ADBE Vector Shape - Group","hd":false}],"nm":"n","np":3,"cix":2,"bm":0,"ix":1,"mn":"ADBE Vector Group","hd":false}]},"fFamily":"SF Pro Display"},{"ch":"c","size":82,"style":"Medium","w":51.66,"data":{"shapes":[{"ty":"gr","it":[{"ind":0,"ty":"sh","ix":1,"ks":{"a":0,"k":{"i":[[0,0],[13.232,0],[0,-16.309],[-14.697,0],[-1.123,10.938],[0,0],[6.494,0],[0,11.279],[-8.154,0],[-1.074,-5.469]],"o":[[-0.928,-10.107],[-14.6,0],[0,16.602],[12.354,0],[0,0],[-1.221,5.957],[-8.203,0],[0,-11.035],[6.885,0],[0,0]],"v":[[49.316,-33.691],[27.1,-52.295],[2.93,-25.684],[27.197,0.977],[49.414,-17.383],[39.258,-17.383],[27.295,-7.861],[13.672,-25.684],[27.197,-43.506],[39.258,-33.691]],"c":true},"ix":2},"nm":"c","mn":"ADBE Vector Shape - Group","hd":false}],"nm":"c","np":3,"cix":2,"bm":0,"ix":1,"mn":"ADBE Vector Group","hd":false}]},"fFamily":"SF Pro Display"},{"ch":"o","size":82,"style":"Medium","w":54.59,"data":{"shapes":[{"ty":"gr","it":[{"ind":0,"ty":"sh","ix":1,"ks":{"a":0,"k":{"i":[[-14.697,0],[0,16.553],[14.648,0],[0,-16.504]],"o":[[14.697,0],[0,-16.504],[-14.648,0],[0,16.553]],"v":[[27.295,0.977],[51.66,-25.684],[27.295,-52.295],[2.93,-25.684]],"c":true},"ix":2},"nm":"o","mn":"ADBE Vector Shape - Group","hd":false},{"ind":1,"ty":"sh","ix":2,"ks":{"a":0,"k":{"i":[[8.301,0],[0,11.426],[-8.252,0],[0,-11.377]],"o":[[-8.252,0],[0,-11.377],[8.252,0],[0,11.426]],"v":[[27.295,-7.715],[13.672,-25.684],[27.295,-43.604],[40.918,-25.684]],"c":true},"ix":2},"nm":"o","mn":"ADBE Vector Shape - Group","hd":false}],"nm":"o","np":5,"cix":2,"bm":0,"ix":1,"mn":"ADBE Vector Group","hd":false}]},"fFamily":"SF Pro Display"},{"ch":"g","size":82,"style":"Medium","w":56.49,"data":{"shapes":[{"ty":"gr","it":[{"ind":0,"ty":"sh","ix":1,"ks":{"a":0,"k":{"i":[[-12.109,0],[0,12.256],[0,0],[0,0],[0,0],[0,0],[7.275,0],[0,-16.162],[-12.891,0],[-2.881,5.566],[0,0],[0,0],[8.252,0],[1.514,4.297],[0,0]],"o":[[14.648,0],[0,0],[0,0],[0,0],[0,0],[-3.125,-5.957],[-13.184,0],[0,16.016],[7.324,0],[0,0],[0,0],[0,7.031],[-6.006,0],[0,0],[1.318,8.887]],"v":[[27.197,19.336],[51.318,-0.928],[51.318,-51.367],[41.064,-51.367],[41.064,-42.578],[40.869,-42.578],[24.512,-52.197],[2.93,-25.879],[24.268,0.195],[40.527,-9.033],[40.723,-9.033],[40.723,-0.586],[27.588,11.133],[15.381,4.004],[4.785,4.004]],"c":true},"ix":2},"nm":"g","mn":"ADBE Vector Shape - Group","hd":false},{"ind":1,"ty":"sh","ix":2,"ks":{"a":0,"k":{"i":[[8.252,0],[0,10.742],[-8.105,0],[0,-10.547]],"o":[[-8.105,0],[0,-10.693],[8.252,0],[0,10.596]],"v":[[27.1,-8.545],[13.721,-25.83],[27.1,-43.311],[40.771,-25.83]],"c":true},"ix":2},"nm":"g","mn":"ADBE Vector Shape - Group","hd":false}],"nm":"g","np":5,"cix":2,"bm":0,"ix":1,"mn":"ADBE Vector Group","hd":false}]},"fFamily":"SF Pro Display"},{"ch":"i","size":82,"style":"Medium","w":21.68,"data":{"shapes":[{"ty":"gr","it":[{"ind":0,"ty":"sh","ix":1,"ks":{"a":0,"k":{"i":[[-3.369,0],[0,3.32],[3.369,0],[0,-3.369]],"o":[[3.369,0],[0,-3.369],[-3.369,0],[0,3.32]],"v":[[10.84,-59.668],[16.895,-65.723],[10.84,-71.777],[4.736,-65.723]],"c":true},"ix":2},"nm":"i","mn":"ADBE Vector Shape - Group","hd":false},{"ind":1,"ty":"sh","ix":2,"ks":{"a":0,"k":{"i":[[0,0],[0,0],[0,0],[0,0]],"o":[[0,0],[0,0],[0,0],[0,0]],"v":[[5.566,0],[16.113,0],[16.113,-51.367],[5.566,-51.367]],"c":true},"ix":2},"nm":"i","mn":"ADBE Vector Shape - Group","hd":false}],"nm":"i","np":5,"cix":2,"bm":0,"ix":1,"mn":"ADBE Vector Group","hd":false}]},"fFamily":"SF Pro Display"},{"ch":"t","size":82,"style":"Medium","w":32.08,"data":{"shapes":[{"ty":"gr","it":[{"ind":0,"ty":"sh","ix":1,"ks":{"a":0,"k":{"i":[[0,0],[0,0],[0,0],[0,0],[0,0],[0,0],[-10.4,0],[-1.172,0.293],[0,0],[1.074,0],[0,4.443],[0,0],[0,0],[0,0],[0,0],[0,0]],"o":[[0,0],[0,0],[0,0],[0,0],[0,0],[0,9.912],[2.344,0],[0,0],[-0.684,0.146],[-4.297,0],[0,0],[0,0],[0,0],[0,0],[0,0],[0,0]],"v":[[8.301,-63.525],[8.301,-51.367],[0.83,-51.367],[0.83,-43.018],[8.301,-43.018],[8.301,-13.525],[22.754,0.342],[28.613,-0.146],[28.613,-8.496],[25.146,-8.252],[18.896,-14.697],[18.896,-43.018],[28.662,-43.018],[28.662,-51.367],[18.896,-51.367],[18.896,-63.525]],"c":true},"ix":2},"nm":"t","mn":"ADBE Vector Shape - Group","hd":false}],"nm":"t","np":3,"cix":2,"bm":0,"ix":1,"mn":"ADBE Vector Group","hd":false}]},"fFamily":"SF Pro Display"},{"ch":" ","size":82,"style":"Medium","w":20.26,"data":{},"fFamily":"SF Pro Display"},{"ch":"m","size":82,"style":"Medium","w":82.47,"data":{"shapes":[{"ty":"gr","it":[{"ind":0,"ty":"sh","ix":1,"ks":{"a":0,"k":{"i":[[0,0],[0,0],[0,0],[-6.25,0],[0,-5.908],[0,0],[0,0],[0,0],[-6.25,0],[0,-6.641],[0,0],[0,0],[0,0],[10.156,0],[2.637,-6.25],[0,0],[7.129,0],[2.295,-5.713],[0,0],[0,0],[0,0]],"o":[[0,0],[0,0],[0,-6.592],[5.957,0],[0,0],[0,0],[0,0],[0,-6.494],[6.25,0],[0,0],[0,0],[0,0],[0,-10.205],[-7.324,0],[0,0],[-2.051,-6.396],[-6.934,0],[0,0],[0,0],[0,0],[0,0]],"v":[[5.225,0],[15.771,0],[15.771,-31.738],[26.465,-43.213],[36.182,-33.545],[36.182,0],[46.533,0],[46.533,-32.08],[57.129,-43.213],[66.943,-32.764],[66.943,0],[77.539,0],[77.539,-35.303],[60.742,-52.246],[44.727,-42.188],[44.482,-42.188],[30.127,-52.246],[15.527,-42.725],[15.283,-42.725],[15.283,-51.367],[5.225,-51.367]],"c":true},"ix":2},"nm":"m","mn":"ADBE Vector Shape - Group","hd":false}],"nm":"m","np":3,"cix":2,"bm":0,"ix":1,"mn":"ADBE Vector Group","hd":false}]},"fFamily":"SF Pro Display"},{"ch":"d","size":82,"style":"Medium","w":56.88,"data":{"shapes":[{"ty":"gr","it":[{"ind":0,"ty":"sh","ix":1,"ks":{"a":0,"k":{"i":[[-12.988,0],[-3.027,5.859],[0,0],[0,0],[0,0],[0,0],[0,0],[0,0],[0,0],[7.373,0],[0,-16.211]],"o":[[7.471,0],[0,0],[0,0],[0,0],[0,0],[0,0],[0,0],[0,0],[-2.881,-5.664],[-12.891,0],[0,16.211]],"v":[[24.512,0.879],[40.869,-8.74],[41.064,-8.74],[41.064,0],[51.318,0],[51.318,-70.459],[40.723,-70.459],[40.723,-42.822],[40.527,-42.822],[24.414,-52.197],[2.93,-25.684]],"c":true},"ix":2},"nm":"d","mn":"ADBE Vector Shape - Group","hd":false},{"ind":1,"ty":"sh","ix":2,"ks":{"a":0,"k":{"i":[[-8.35,0],[0,-10.645],[8.105,0],[0,10.84]],"o":[[8.105,0],[0,10.742],[-8.35,0],[0,-10.791]],"v":[[27.295,-43.311],[40.82,-25.684],[27.295,-8.057],[13.721,-25.684]],"c":true},"ix":2},"nm":"d","mn":"ADBE Vector Shape - Group","hd":false}],"nm":"d","np":5,"cix":2,"bm":0,"ix":1,"mn":"ADBE Vector Group","hd":false}]},"fFamily":"SF Pro Display"},{"ch":"e","size":82,"style":"Medium","w":52.78,"data":{"shapes":[{"ty":"gr","it":[{"ind":0,"ty":"sh","ix":1,"ks":{"a":0,"k":{"i":[[0,0],[6.006,0],[0,8.936],[0,0],[0,0],[0,0],[14.258,0],[0,-16.113],[-15.088,0],[-1.465,9.375]],"o":[[-1.416,4.492],[-8.447,0],[0,0],[0,0],[0,0],[0,-15.576],[-14.502,0],[0,16.211],[11.768,0],[0,0]],"v":[[39.258,-15.088],[27.393,-7.568],[13.574,-22.412],[13.574,-23.047],[49.854,-23.047],[49.854,-26.66],[26.709,-52.295],[2.93,-25.439],[27.148,0.977],[49.268,-15.088]],"c":true},"ix":2},"nm":"e","mn":"ADBE Vector Shape - Group","hd":false},{"ind":1,"ty":"sh","ix":2,"ks":{"a":0,"k":{"i":[[-7.373,0],[-0.244,-7.861],[0,0]],"o":[[7.373,0],[0,0],[0.537,-7.764]],"v":[[26.709,-43.799],[39.307,-30.42],[13.623,-30.42]],"c":true},"ix":2},"nm":"e","mn":"ADBE Vector Shape - Group","hd":false}],"nm":"e","np":5,"cix":2,"bm":0,"ix":1,"mn":"ADBE Vector Group","hd":false}]},"fFamily":"SF Pro Display"},{"ch":"\r","size":82,"style":"Medium","w":0,"fFamily":"SF Pro Display"},{"ch":"f","size":82,"style":"Medium","w":32.23,"data":{"shapes":[{"ty":"gr","it":[{"ind":0,"ty":"sh","ix":1,"ks":{"a":0,"k":{"i":[[0,0],[0,0],[0,0],[0,0],[0,0],[0,0],[0,0],[-4.59,0],[-1.025,-0.195],[0,0],[2.148,0],[0,-9.961],[0,0],[0,0],[0,0],[0,0]],"o":[[0,0],[0,0],[0,0],[0,0],[0,0],[0,0],[0,-4.541],[1.416,0],[0,0],[-1.367,-0.244],[-10.449,0],[0,0],[0,0],[0,0],[0,0],[0,0]],"v":[[8.301,0],[18.896,0],[18.896,-43.018],[29.15,-43.018],[29.15,-51.27],[18.75,-51.27],[18.75,-56.104],[25.488,-62.939],[29.346,-62.646],[29.346,-70.459],[23.438,-70.947],[8.301,-56.299],[8.301,-51.27],[1.221,-51.27],[1.221,-43.018],[8.301,-43.018]],"c":true},"ix":2},"nm":"f","mn":"ADBE Vector Shape - Group","hd":false}],"nm":"f","np":3,"cix":2,"bm":0,"ix":1,"mn":"ADBE Vector Group","hd":false}]},"fFamily":"SF Pro Display"},{"ch":"r","size":82,"style":"Medium","w":32.81,"data":{"shapes":[{"ty":"gr","it":[{"ind":0,"ty":"sh","ix":1,"ks":{"a":0,"k":{"i":[[0,0],[0,0],[0,0],[-6.787,0],[-0.83,-0.342],[0,0],[1.514,0],[1.709,-6.006],[0,0],[0,0],[0,0]],"o":[[0,0],[0,0],[0,-7.275],[2.051,0],[0,0],[-0.781,-0.146],[-6.055,0],[0,0],[0,0],[0,0],[0,0]],"v":[[5.225,0],[15.771,0],[15.771,-30.762],[26.758,-42.578],[31.494,-41.992],[31.494,-51.807],[27.881,-52.197],[15.527,-42.627],[15.283,-42.627],[15.283,-51.367],[5.225,-51.367]],"c":true},"ix":2},"nm":"r","mn":"ADBE Vector Shape - Group","hd":false}],"nm":"r","np":3,"cix":2,"bm":0,"ix":1,"mn":"ADBE Vector Group","hd":false}]},"fFamily":"SF Pro Display"},{"ch":"y","size":82,"style":"Medium","w":50.93,"data":{"shapes":[{"ty":"gr","it":[{"ind":0,"ty":"sh","ix":1,"ks":{"a":0,"k":{"i":[[-0.879,0],[-4.395,12.451],[0,0],[0,0],[0,0],[0,0],[0,0],[0,0],[0,0],[0,-0.098],[4.883,0],[0.781,0.195],[0,0]],"o":[[10.645,0],[0,0],[0,0],[0,0],[0,0],[0,0],[0,0],[0,0],[0,0.049],[-1.611,5.273],[-0.879,0],[0,0],[0.781,0.146]],"v":[[10.352,19.141],[30.469,2.686],[49.707,-51.367],[38.574,-51.367],[25.586,-9.57],[25.391,-9.57],[12.402,-51.367],[0.977,-51.367],[19.531,0.049],[18.604,3.223],[9.473,10.547],[6.055,10.352],[6.055,18.896]],"c":true},"ix":2},"nm":"y","mn":"ADBE Vector Shape - Group","hd":false}],"nm":"y","np":3,"cix":2,"bm":0,"ix":1,"mn":"ADBE Vector Group","hd":false}]},"fFamily":"SF Pro Display"},{"ch":"u","size":82,"style":"Medium","w":54.44,"data":{"shapes":[{"ty":"gr","it":[{"ind":0,"ty":"sh","ix":1,"ks":{"a":0,"k":{"i":[[0,0],[0,0],[0,0],[7.617,0],[0,7.812],[0,0],[0,0],[0,0],[-11.182,0],[-2.832,6.152],[0,0],[0,0],[0,0]],"o":[[0,0],[0,0],[0,8.008],[-7.275,0],[0,0],[0,0],[0,0],[0,11.768],[7.861,0],[0,0],[0,0],[0,0],[0,0]],"v":[[49.268,-51.367],[38.721,-51.367],[38.721,-21.436],[26.514,-8.154],[15.527,-20.166],[15.527,-51.367],[4.98,-51.367],[4.98,-18.115],[22.998,0.928],[38.916,-8.691],[39.16,-8.691],[39.16,0],[49.268,0]],"c":true},"ix":2},"nm":"u","mn":"ADBE Vector Shape - Group","hd":false}],"nm":"u","np":3,"cix":2,"bm":0,"ix":1,"mn":"ADBE Vector Group","hd":false}]},"fFamily":"SF Pro Display"},{"ch":"p","size":82,"style":"Medium","w":56.49,"data":{"shapes":[{"ty":"gr","it":[{"ind":0,"ty":"sh","ix":1,"ks":{"a":0,"k":{"i":[[13.037,0],[3.027,-5.908],[0,0],[0,0],[0,0],[0,0],[0,0],[0,0],[0,0],[-7.373,0],[0,16.26]],"o":[[-7.422,0],[0,0],[0,0],[0,0],[0,0],[0,0],[0,0],[0,0],[2.93,5.713],[12.891,0],[0,-16.26]],"v":[[31.982,-52.197],[15.625,-42.529],[15.43,-42.529],[15.43,-51.367],[5.225,-51.367],[5.225,16.992],[15.771,16.992],[15.771,-8.447],[16.016,-8.447],[32.178,0.879],[53.613,-25.684]],"c":true},"ix":2},"nm":"p","mn":"ADBE Vector Shape - Group","hd":false},{"ind":1,"ty":"sh","ix":2,"ks":{"a":0,"k":{"i":[[8.35,0],[0,10.693],[-8.057,0],[0,-10.742]],"o":[[-8.105,0],[0,-10.596],[8.35,0],[0,10.791]],"v":[[29.199,-8.057],[15.723,-25.684],[29.199,-43.311],[42.773,-25.684]],"c":true},"ix":2},"nm":"p","mn":"ADBE Vector Shape - Group","hd":false}],"nm":"p","np":5,"cix":2,"bm":0,"ix":1,"mn":"ADBE Vector Group","hd":false}]},"fFamily":"SF Pro Display"},{"ch":"T","size":82,"style":"Medium","w":58.84,"data":{"shapes":[{"ty":"gr","it":[{"ind":0,"ty":"sh","ix":1,"ks":{"a":0,"k":{"i":[[0,0],[0,0],[0,0],[0,0],[0,0],[0,0],[0,0],[0,0]],"o":[[0,0],[0,0],[0,0],[0,0],[0,0],[0,0],[0,0],[0,0]],"v":[[34.912,0],[34.912,-61.035],[56.445,-61.035],[56.445,-70.459],[2.393,-70.459],[2.393,-61.035],[23.975,-61.035],[23.975,0]],"c":true},"ix":2},"nm":"T","mn":"ADBE Vector Shape - Group","hd":false}],"nm":"T","np":3,"cix":2,"bm":0,"ix":1,"mn":"ADBE Vector Group","hd":false}]},"fFamily":"SF Pro Display"},{"ch":"h","size":82,"style":"Medium","w":55.52,"data":{"shapes":[{"ty":"gr","it":[{"ind":0,"ty":"sh","ix":1,"ks":{"a":0,"k":{"i":[[0,0],[0,0],[0,0],[-7.812,0],[0,-7.568],[0,0],[0,0],[0,0],[11.279,0],[2.832,-6.006],[0,0],[0,0],[0,0]],"o":[[0,0],[0,0],[0,-8.105],[7.422,0],[0,0],[0,0],[0,0],[0,-11.621],[-7.812,0],[0,0],[0,0],[0,0],[0,0]],"v":[[5.615,0],[16.162,0],[16.162,-29.688],[28.76,-43.164],[39.99,-31.055],[39.99,0],[50.586,0],[50.586,-33.105],[32.568,-52.246],[16.309,-42.773],[16.064,-42.773],[16.064,-70.459],[5.615,-70.459]],"c":true},"ix":2},"nm":"h","mn":"ADBE Vector Shape - Group","hd":false}],"nm":"h","np":3,"cix":2,"bm":0,"ix":1,"mn":"ADBE Vector Group","hd":false}]},"fFamily":"SF Pro Display"},{"ch":"s","size":82,"style":"Medium","w":48.29,"data":{"shapes":[{"ty":"gr","it":[{"ind":0,"ty":"sh","ix":1,"ks":{"a":0,"k":{"i":[[0,-9.18],[-9.766,-2.246],[0,0],[0,-3.32],[6.348,0],[0.977,5.371],[0,0],[-12.842,0],[0,9.375],[10.498,2.441],[0,0],[0,3.223],[-5.713,0],[-0.586,-4.98],[0,0],[11.963,0]],"o":[[0,7.471],[0,0],[5.615,1.27],[0,4.199],[-6.445,0],[0,0],[0.977,9.766],[12.109,0],[0,-7.422],[0,0],[-5.566,-1.27],[0,-4.102],[5.908,0],[0,0],[-0.342,-9.473],[-11.816,0]],"v":[[4.297,-36.816],[18.896,-22.412],[27.246,-20.459],[34.766,-13.916],[24.512,-7.08],[13.428,-15.088],[2.979,-15.088],[24.512,0.977],[45.361,-14.844],[30.859,-28.809],[22.51,-30.713],[14.6,-37.402],[24.121,-44.287],[34.277,-36.182],[44.189,-36.182],[24.121,-52.295]],"c":true},"ix":2},"nm":"s","mn":"ADBE Vector Shape - Group","hd":false}],"nm":"s","np":3,"cix":2,"bm":0,"ix":1,"mn":"ADBE Vector Group","hd":false}]},"fFamily":"SF Pro Display"},{"ch":"v","size":82,"style":"Medium","w":50.15,"data":{"shapes":[{"ty":"gr","it":[{"ind":0,"ty":"sh","ix":1,"ks":{"a":0,"k":{"i":[[0,0],[0,0],[0,0],[0,0],[0,0],[0,0],[0,0],[0,0]],"o":[[0,0],[0,0],[0,0],[0,0],[0,0],[0,0],[0,0],[0,0]],"v":[[49.072,-51.367],[38.037,-51.367],[25.146,-10.303],[24.951,-10.303],[12.061,-51.367],[0.83,-51.367],[19.336,0],[30.664,0]],"c":true},"ix":2},"nm":"v","mn":"ADBE Vector Shape - Group","hd":false}],"nm":"v","np":3,"cix":2,"bm":0,"ix":1,"mn":"ADBE Vector Group","hd":false}]},"fFamily":"SF Pro Display"},{"ch":"a","size":82,"style":"Medium","w":51.81,"data":{"shapes":[{"ty":"gr","it":[{"ind":0,"ty":"sh","ix":1,"ks":{"a":0,"k":{"i":[[-10.059,0],[-2.979,5.713],[0,0],[0,0],[0,0],[0,0],[12.451,0],[0.586,-9.277],[0,0],[-6.104,0],[0,-5.713],[0,0],[0,0],[0,-8.984]],"o":[[6.738,0],[0,0],[0,0],[0,0],[0,0],[0,-10.303],[-12.695,0],[0,0],[0.928,-4.59],[6.445,0],[0,0],[0,0],[-12.207,0.684],[0,9.229]],"v":[[20.264,0.879],[36.475,-8.447],[36.719,-8.447],[36.719,0],[46.826,0],[46.826,-35.4],[26.416,-52.295],[5.225,-36.182],[15.186,-36.182],[26.025,-43.701],[36.328,-34.57],[36.328,-30.615],[22.266,-29.785],[3.174,-14.6]],"c":true},"ix":2},"nm":"a","mn":"ADBE Vector Shape - Group","hd":false},{"ind":1,"ty":"sh","ix":2,"ks":{"a":0,"k":{"i":[[7.373,0],[0,4.492],[-6.299,0.439],[0,0],[0,0]],"o":[[-5.664,0],[0,-4.395],[0,0],[0,0],[0,6.689]],"v":[[23.193,-7.471],[13.818,-14.893],[23.682,-22.51],[36.328,-23.291],[36.328,-19.238]],"c":true},"ix":2},"nm":"a","mn":"ADBE Vector Shape - Group","hd":false}],"nm":"a","np":5,"cix":2,"bm":0,"ix":1,"mn":"ADBE Vector Group","hd":false}]},"fFamily":"SF Pro Display"},{"ch":".","size":82,"style":"Medium","w":26.27,"data":{"shapes":[{"ty":"gr","it":[{"ind":0,"ty":"sh","ix":1,"ks":{"a":0,"k":{"i":[[-3.564,0],[0,3.564],[3.564,0],[0,-3.564]],"o":[[3.564,0],[0,-3.564],[-3.564,0],[0,3.564]],"v":[[13.135,0.537],[19.531,-5.859],[13.135,-12.256],[6.738,-5.859]],"c":true},"ix":2},"nm":".","mn":"ADBE Vector Shape - Group","hd":false}],"nm":".","np":3,"cix":2,"bm":0,"ix":1,"mn":"ADBE Vector Group","hd":false}]},"fFamily":"SF Pro Display"},{"ch":"T","size":82,"style":"Bold","w":60.16,"data":{"shapes":[{"ty":"gr","it":[{"ind":0,"ty":"sh","ix":1,"ks":{"a":0,"k":{"i":[[0,0],[0,0],[0,0],[0,0],[0,0],[0,0],[0,0],[0,0]],"o":[[0,0],[0,0],[0,0],[0,0],[0,0],[0,0],[0,0],[0,0]],"v":[[37.451,0],[37.451,-58.301],[57.861,-58.301],[57.861,-70.459],[2.344,-70.459],[2.344,-58.301],[22.705,-58.301],[22.705,0]],"c":true},"ix":2},"nm":"T","mn":"ADBE Vector Shape - Group","hd":false}],"nm":"T","np":3,"cix":2,"bm":0,"ix":1,"mn":"ADBE Vector Group","hd":false}]},"fFamily":"SF Pro Display"},{"ch":"r","size":82,"style":"Bold","w":36.38,"data":{"shapes":[{"ty":"gr","it":[{"ind":0,"ty":"sh","ix":1,"ks":{"a":0,"k":{"i":[[0,0],[0,0],[0,0],[-7.031,0],[-1.172,-0.488],[0,0],[1.66,0],[1.855,-6.641],[0,0],[0,0],[0,0]],"o":[[0,0],[0,0],[0,-7.373],[2.051,0],[0,0],[-0.977,-0.293],[-6.152,0],[0,0],[0,0],[0,0],[0,0]],"v":[[4.639,0],[18.896,0],[18.896,-29.248],[30.029,-40.918],[35.205,-40.088],[35.205,-52.637],[31.152,-53.174],[18.701,-42.92],[18.408,-42.92],[18.408,-52.344],[4.639,-52.344]],"c":true},"ix":2},"nm":"r","mn":"ADBE Vector Shape - Group","hd":false}],"nm":"r","np":3,"cix":2,"bm":0,"ix":1,"mn":"ADBE Vector Group","hd":false}]},"fFamily":"SF Pro Display"},{"ch":"a","size":82,"style":"Bold","w":54.74,"data":{"shapes":[{"ty":"gr","it":[{"ind":0,"ty":"sh","ix":1,"ks":{"a":0,"k":{"i":[[-9.961,0],[-2.93,5.566],[0,0],[0,0],[0,0],[0,0],[13.428,0],[0.537,-10.156],[0,0],[-5.322,0],[0,-4.883],[0,0],[0,0],[0,-9.521]],"o":[[6.543,0],[0,0],[0,0],[0,0],[0,0],[0,-10.547],[-13.867,0],[0,0],[0.684,-3.857],[5.371,0],[0,0],[0,0],[-13.037,0.781],[0,9.424]],"v":[[20.166,0.83],[36.133,-8.008],[36.426,-8.008],[36.426,0],[50.195,0],[50.195,-35.986],[28.027,-53.467],[4.98,-36.328],[18.018,-36.328],[27.393,-42.822],[36.182,-35.107],[36.182,-31.641],[22.998,-30.859],[2.637,-15.039]],"c":true},"ix":2},"nm":"a","mn":"ADBE Vector Shape - Group","hd":false},{"ind":1,"ty":"sh","ix":2,"ks":{"a":0,"k":{"i":[[6.201,0],[0,3.906],[-5.322,0.391],[0,0],[0,0]],"o":[[-4.834,0],[0,-3.711],[0,0],[0,0],[0,5.664]],"v":[[24.854,-9.473],[16.797,-15.82],[25.146,-22.314],[36.182,-22.998],[36.182,-19.189]],"c":true},"ix":2},"nm":"a","mn":"ADBE Vector Shape - Group","hd":false}],"nm":"a","np":5,"cix":2,"bm":0,"ix":1,"mn":"ADBE Vector Group","hd":false}]},"fFamily":"SF Pro Display"},{"ch":"d","size":82,"style":"Bold","w":59.57,"data":{"shapes":[{"ty":"gr","it":[{"ind":0,"ty":"sh","ix":1,"ks":{"a":0,"k":{"i":[[-13.086,0],[-2.539,5.762],[0,0],[0,0],[0,0],[0,0],[0,0],[0,0],[0,0],[7.568,0],[0,-16.602]],"o":[[7.715,0],[0,0],[0,0],[0,0],[0,0],[0,0],[0,0],[0,0],[-2.539,-5.811],[-13.135,0],[0,16.748]],"v":[[24.072,0.83],[40.381,-8.984],[40.625,-8.984],[40.625,0],[54.688,0],[54.688,-70.459],[40.43,-70.459],[40.43,-43.359],[40.137,-43.359],[24.17,-53.174],[2.734,-26.27]],"c":true},"ix":2},"nm":"d","mn":"ADBE Vector Shape - Group","hd":false},{"ind":1,"ty":"sh","ix":2,"ks":{"a":0,"k":{"i":[[-7.178,0],[0,-9.521],[7.08,0],[0,9.619]],"o":[[7.08,0],[0,9.57],[-7.178,0],[0,-9.57]],"v":[[28.906,-41.748],[40.527,-26.172],[28.906,-10.645],[17.334,-26.172]],"c":true},"ix":2},"nm":"d","mn":"ADBE Vector Shape - Group","hd":false}],"nm":"d","np":5,"cix":2,"bm":0,"ix":1,"mn":"ADBE Vector Group","hd":false}]},"fFamily":"SF Pro Display"},{"ch":"e","size":82,"style":"Bold","w":55.52,"data":{"shapes":[{"ty":"gr","it":[{"ind":0,"ty":"sh","ix":1,"ks":{"a":0,"k":{"i":[[0,0],[5.225,0],[0,7.471],[0,0],[0,0],[0,0],[15.234,0],[0,-16.699],[-16.113,0],[-1.562,10.254]],"o":[[-1.318,4.004],[-7.275,0],[0,0],[0,0],[0,0],[0,-15.918],[-15.479,0],[0,16.748],[12.939,0],[0,0]],"v":[[39.307,-16.016],[28.76,-9.424],[16.748,-22.021],[16.748,-22.9],[52.832,-22.9],[52.832,-27.246],[27.979,-53.467],[2.734,-25.928],[28.516,1.123],[52.393,-16.016]],"c":true},"ix":2},"nm":"e","mn":"ADBE Vector Shape - Group","hd":false},{"ind":1,"ty":"sh","ix":2,"ks":{"a":0,"k":{"i":[[-6.25,0],[-0.293,-6.689],[0,0]],"o":[[6.348,0],[0,0],[0.488,-6.543]],"v":[[28.125,-42.92],[39.111,-31.641],[16.895,-31.641]],"c":true},"ix":2},"nm":"e","mn":"ADBE Vector Shape - Group","hd":false}],"nm":"e","np":5,"cix":2,"bm":0,"ix":1,"mn":"ADBE Vector Group","hd":false}]},"fFamily":"SF Pro Display"},{"ch":"S","size":82,"style":"Bold","w":63.13,"data":{"shapes":[{"ty":"gr","it":[{"ind":0,"ty":"sh","ix":1,"ks":{"a":0,"k":{"i":[[0,0],[-16.797,0],[0,13.77],[14.893,2.979],[0,0],[0,4.346],[-7.275,0],[-0.488,-6.006],[0,0],[16.455,0],[0,-12.891],[-14.062,-2.783],[0,0],[0,-4.639],[7.861,0],[0.928,5.908]],"o":[[0.439,13.281],[17.627,0],[0,-10.693],[0,0],[-8.301,-1.66],[0,-5.176],[7.422,0],[0,0],[-0.244,-12.939],[-15.674,0],[0,10.498],[0,0],[8.838,1.807],[0,5.176],[-8.008,0],[0,0]],"v":[[3.174,-20.117],[31.592,1.172],[60.01,-21.289],[38.623,-40.967],[31.152,-42.48],[19.434,-51.172],[31.592,-59.766],[44.727,-50.146],[58.643,-50.146],[31.592,-71.68],[4.688,-50.244],[25.635,-30.225],[33.057,-28.76],[45.215,-19.678],[31.982,-10.693],[17.09,-20.117]],"c":true},"ix":2},"nm":"S","mn":"ADBE Vector Shape - Group","hd":false}],"nm":"S","np":3,"cix":2,"bm":0,"ix":1,"mn":"ADBE Vector Group","hd":false}]},"fFamily":"SF Pro Display"},{"ch":"n","size":82,"style":"Bold","w":57.62,"data":{"shapes":[{"ty":"gr","it":[{"ind":0,"ty":"sh","ix":1,"ks":{"a":0,"k":{"i":[[0,0],[0,0],[0,0],[-6.396,0],[0,-6.836],[0,0],[0,0],[0,0],[11.621,0],[2.783,-6.494],[0,0],[0,0],[0,0]],"o":[[0,0],[0,0],[0,-6.787],[6.396,0],[0,0],[0,0],[0,0],[0,-12.256],[-8.057,0],[0,0],[0,0],[0,0],[0,0]],"v":[[4.639,0],[18.896,0],[18.896,-30.029],[29.346,-41.504],[38.965,-30.762],[38.965,0],[53.223,0],[53.223,-33.74],[35.059,-53.32],[18.701,-43.018],[18.408,-43.018],[18.408,-52.344],[4.639,-52.344]],"c":true},"ix":2},"nm":"n","mn":"ADBE Vector Shape - Group","hd":false}],"nm":"n","np":3,"cix":2,"bm":0,"ix":1,"mn":"ADBE Vector Group","hd":false}]},"fFamily":"SF Pro Display"},{"ch":"t","size":82,"style":"Bold","w":35.55,"data":{"shapes":[{"ty":"gr","it":[{"ind":0,"ty":"sh","ix":1,"ks":{"a":0,"k":{"i":[[0,0],[0,0],[0,0],[0,0],[0,0],[0,0],[-12.305,0],[-1.465,0.342],[0,0],[1.27,0],[0,4.004],[0,0],[0,0],[0,0],[0,0],[0,0]],"o":[[0,0],[0,0],[0,0],[0,0],[0,0],[0,10.205],[2.881,0],[0,0],[-0.879,0.146],[-4.199,0],[0,0],[0,0],[0,0],[0,0],[0,0],[0,0]],"v":[[8.447,-64.404],[8.447,-52.344],[1.074,-52.344],[1.074,-41.602],[8.447,-41.602],[8.447,-14.111],[25.537,0.195],[32.324,-0.391],[32.324,-10.889],[28.857,-10.645],[22.705,-16.553],[22.705,-41.602],[32.373,-41.602],[32.373,-52.344],[22.705,-52.344],[22.705,-64.404]],"c":true},"ix":2},"nm":"t","mn":"ADBE Vector Shape - Group","hd":false}],"nm":"t","np":3,"cix":2,"bm":0,"ix":1,"mn":"ADBE Vector Group","hd":false}]},"fFamily":"SF Pro Display"},{"ch":"o","size":82,"style":"Bold","w":57.28,"data":{"shapes":[{"ty":"gr","it":[{"ind":0,"ty":"sh","ix":1,"ks":{"a":0,"k":{"i":[[-15.82,0],[0,17.236],[15.674,0],[0,-16.943]],"o":[[15.82,0],[0,-16.992],[-15.674,0],[0,17.188]],"v":[[28.662,1.123],[54.59,-26.221],[28.662,-53.467],[2.734,-26.221]],"c":true},"ix":2},"nm":"o","mn":"ADBE Vector Shape - Group","hd":false},{"ind":1,"ty":"sh","ix":2,"ks":{"a":0,"k":{"i":[[6.982,0],[0,10.498],[-6.934,0],[0,-10.4]],"o":[[-7.031,0],[0,-10.4],[6.934,0],[0,10.498]],"v":[[28.662,-9.766],[17.188,-26.172],[28.662,-42.578],[40.088,-26.172]],"c":true},"ix":2},"nm":"o","mn":"ADBE Vector Shape - Group","hd":false}],"nm":"o","np":5,"cix":2,"bm":0,"ix":1,"mn":"ADBE Vector Group","hd":false}]},"fFamily":"SF Pro Display"},{"ch":"I","size":82,"style":"Bold","w":26.46,"data":{"shapes":[{"ty":"gr","it":[{"ind":0,"ty":"sh","ix":1,"ks":{"a":0,"k":{"i":[[0,0],[0,0],[0,0],[0,0]],"o":[[0,0],[0,0],[0,0],[0,0]],"v":[[20.605,0],[20.605,-70.459],[5.859,-70.459],[5.859,0]],"c":true},"ix":2},"nm":"I","mn":"ADBE Vector Shape - Group","hd":false}],"nm":"I","np":3,"cix":2,"bm":0,"ix":1,"mn":"ADBE Vector Group","hd":false}]},"fFamily":"SF Pro Display"},{"ch":"v","size":82,"style":"Bold","w":53.52,"data":{"shapes":[{"ty":"gr","it":[{"ind":0,"ty":"sh","ix":1,"ks":{"a":0,"k":{"i":[[0,0],[0,0],[0,0],[0,0],[0,0],[0,0],[0,0],[0,0]],"o":[[0,0],[0,0],[0,0],[0,0],[0,0],[0,0],[0,0],[0,0]],"v":[[52.49,-52.344],[37.598,-52.344],[26.758,-12.598],[26.465,-12.598],[15.576,-52.344],[0.293,-52.344],[18.408,0],[34.521,0]],"c":true},"ix":2},"nm":"v","mn":"ADBE Vector Shape - Group","hd":false}],"nm":"v","np":3,"cix":2,"bm":0,"ix":1,"mn":"ADBE Vector Group","hd":false}]},"fFamily":"SF Pro Display"},{"ch":"s","size":82,"style":"Bold","w":51.46,"data":{"shapes":[{"ty":"gr","it":[{"ind":0,"ty":"sh","ix":1,"ks":{"a":0,"k":{"i":[[0,-9.961],[-10.107,-2.148],[0,0],[0,-2.783],[5.371,0],[0.879,4.59],[0,0],[-14.453,0],[0,10.303],[10.938,2.295],[0,0],[0,2.686],[-4.932,0],[-0.439,-4.248],[0,0],[13.428,0]],"o":[[0,7.861],[0,0],[5.127,1.172],[0,3.418],[-5.664,0],[0,0],[0.928,10.303],[13.477,0],[0,-7.666],[0,0],[-5.273,-1.123],[0,-3.467],[5.273,0],[0,0],[-0.293,-10.254],[-13.33,0]],"v":[[3.76,-36.963],[18.994,-21.875],[27.93,-20.02],[34.863,-14.502],[26.172,-8.887],[16.357,-15.918],[2.441,-15.918],[26.172,1.123],[49.072,-15.967],[33.643,-30.225],[24.707,-32.129],[17.48,-37.744],[25.684,-43.457],[34.57,-36.328],[47.705,-36.328],[25.684,-53.467]],"c":true},"ix":2},"nm":"s","mn":"ADBE Vector Shape - Group","hd":false}],"nm":"s","np":3,"cix":2,"bm":0,"ix":1,"mn":"ADBE Vector Group","hd":false}]},"fFamily":"SF Pro Display"},{"ch":"W","size":82,"style":"Medium","w":93.9,"data":{"shapes":[{"ty":"gr","it":[{"ind":0,"ty":"sh","ix":1,"ks":{"a":0,"k":{"i":[[0,0],[0,0],[0,0],[0,0],[0,0],[0,0],[0,0],[0,0],[0,0],[0,0],[0,0],[0,0],[0,0],[0,0],[0,0],[0,0]],"o":[[0,0],[0,0],[0,0],[0,0],[0,0],[0,0],[0,0],[0,0],[0,0],[0,0],[0,0],[0,0],[0,0],[0,0],[0,0],[0,0]],"v":[[46.68,-53.125],[47.168,-53.125],[62.402,0],[72.705,0],[91.748,-70.459],[80.371,-70.459],[67.334,-15.283],[66.943,-15.283],[52.002,-70.459],[41.846,-70.459],[26.953,-15.283],[26.562,-15.283],[13.525,-70.459],[2.148,-70.459],[21.143,0],[31.494,0]],"c":true},"ix":2},"nm":"W","mn":"ADBE Vector Shape - Group","hd":false}],"nm":"W","np":3,"cix":2,"bm":0,"ix":1,"mn":"ADBE Vector Group","hd":false}]},"fFamily":"SF Pro Display"},{"ch":"l","size":82,"style":"Medium","w":21.78,"data":{"shapes":[{"ty":"gr","it":[{"ind":0,"ty":"sh","ix":1,"ks":{"a":0,"k":{"i":[[0,0],[0,0],[0,0],[0,0]],"o":[[0,0],[0,0],[0,0],[0,0]],"v":[[5.615,0],[16.162,0],[16.162,-70.459],[5.615,-70.459]],"c":true},"ix":2},"nm":"l","mn":"ADBE Vector Shape - Group","hd":false}],"nm":"l","np":3,"cix":2,"bm":0,"ix":1,"mn":"ADBE Vector Group","hd":false}]},"fFamily":"SF Pro Display"},{"ch":"w","size":82,"style":"Medium","w":74.22,"data":{"shapes":[{"ty":"gr","it":[{"ind":0,"ty":"sh","ix":1,"ks":{"a":0,"k":{"i":[[0,0],[0,0],[0,0],[0,0],[0,0],[0,0],[0,0],[0,0],[0,0],[0,0],[0,0],[0,0],[0,0],[0,0],[0,0],[0,0]],"o":[[0,0],[0,0],[0,0],[0,0],[0,0],[0,0],[0,0],[0,0],[0,0],[0,0],[0,0],[0,0],[0,0],[0,0],[0,0],[0,0]],"v":[[72.998,-51.367],[62.549,-51.367],[53.174,-10.938],[52.93,-10.938],[42.188,-51.367],[32.031,-51.367],[21.338,-10.938],[21.143,-10.938],[11.768,-51.367],[1.221,-51.367],[15.332,0],[26.221,0],[36.914,-38.477],[37.158,-38.477],[47.949,0],[58.936,0]],"c":true},"ix":2},"nm":"w","mn":"ADBE Vector Shape - Group","hd":false}],"nm":"w","np":3,"cix":2,"bm":0,"ix":1,"mn":"ADBE Vector Group","hd":false}]},"fFamily":"SF Pro Display"}]}